Filename,Exposure,Moon_XC,Moon_YC,Moon_Radius,Mean_SB
DSC_3762-Position4-cal.fits,0.0025,4674.0,2502.0,680.0,0.005297451745718718
DSC_3787-Position4-cal.fits,0.33333,4702.0,2324.0,672.0,0.1722293347120285
DSC_3653-Position4-cal.fits,0.00125,4155.0,2754.0,641.0,0.0017482630209997296
DSC_3906-Position2-cal.fits,0.0025,4865.0,1499.0,678.0,0.0011449509765952826
DSC_3676-Position4-cal.fits,0.04,4168.0,2744.0,642.0,0.012968497350811958
DSC_3722-Position4-cal.fits,0.07692,4639.0,2649.0,671.0,1.212953805923462
DSC_3692-Position4-cal.fits,0.01,4636.0,2649.0,676.0,0.2616060972213745
DSC_3678-Position4-cal.fits,0.16667,4168.0,2742.0,644.0,0.022170795127749443
DSC_3647-Position4-cal.fits,0.01,4146.0,2759.0,640.0,0.01005895808339119
DSC_3819-Position1-cal.fits,0.02,4757.0,2034.0,675.0,0.006966929882764816
DSC_3650-Position4-cal.fits,0.07692,4146.0,2757.0,643.0,0.016375675797462463
DSC_3726-Position4-cal.fits,0.0025,4652.0,2611.0,678.0,0.018691672012209892
DSC_3894-Position2-cal.fits,0.16667,4853.0,1536.0,675.0,0.05041966959834099
DSC_3840-Position1-cal.fits,0.16667,4768.0,1979.0,674.0,0.0489484965801239
DSC_3841-Position1-cal.fits,0.33333,4769.0,1974.0,671.0,0.07992863655090332
DSC_3744-Position4-cal.fits,0.0025,4630.0,2531.0,642.0,0.010997517965734005
DSC_3801-Position4-cal.fits,0.02,4709.0,2287.0,676.0,0.023967843502759933
DSC_3829-Position1-cal.fits,0.04,4762.0,2009.0,675.0,0.013729996979236603
DSC_3742-Position4-cal.fits,0.33333,4656.0,2561.0,671.0,0.7498190999031067
DSC_3710-Position4-cal.fits,0.01,4637.0,2649.0,676.0,0.2182530015707016
DSC_3702-Position4-cal.fits,0.02,4637.0,2652.0,676.0,0.4453381896018982
DSC_3694-Position4-cal.fits,0.04,4638.0,2649.0,673.0,0.8989549875259399
DSC_3895-Position2-cal.fits,0.33333,4855.0,1531.0,672.0,0.08243576437234879
DSC_3681-Position4-cal.fits,0.0025,4633.0,2654.0,681.0,0.08439215272665024
DSC_3918-Position3-cal.fits,0.02,4125.0,2401.0,573.0,0.005056902300566435
DSC_3952-Position3-cal.fits,0.005,4213.0,2378.0,667.0,0.0016521147917956114
DSC_3645-Position4-cal.fits,0.0025,4147.0,2761.0,639.0,0.0031709654722362757
DSC_3893-Position2-cal.fits,0.07692,4852.0,1538.0,675.0,0.027883466333150864
DSC_3747-Position4-cal.fits,0.02,4658.0,2547.0,676.0,0.06018855795264244
DSC_3777-Position4-cal.fits,0.16667,4696.0,2354.0,673.0,0.11562439799308777
DSC_3914-Position3-cal.fits,0.00125,4188.0,2484.0,672.0,0.0005627313512377441
DSC_3944-Position3-cal.fits,0.01,4202.0,2415.0,675.0,0.003021534299477935
DSC_3902-Position2-cal.fits,0.07692,4857.0,1513.0,675.0,0.02791057899594307
DSC_3880-Position2-cal.fits,0.005,4849.0,1569.0,678.0,0.002012396464124322
DSC_3711-Position4-cal.fits,0.02,4637.0,2649.0,676.0,0.40427133440971375
DSC_3951-Position3-cal.fits,0.0025,4207.0,2394.0,675.0,0.000958380987867713
DSC_3788-Position4-cal.fits,0.00125,4710.0,2317.0,682.0,0.0018267735140398145
DSC_3928-Position3-cal.fits,0.04,4193.0,2460.0,675.0,0.010589322075247765
DSC_3797-Position4-cal.fits,0.00125,4717.0,2290.0,686.0,0.0018160237232223153
DSC_3748-Position4-cal.fits,0.04,4659.0,2545.0,675.0,0.10859799385070801
DSC_3814-Position1-cal.fits,0.33333,4754.0,2049.0,670.0,0.08051871508359909
DSC_3769-Position4-cal.fits,0.33333,4670.0,2486.0,672.0,0.18816988170146942
DSC_3789-Position4-cal.fits,0.0025,4707.0,2317.0,678.0,0.003325351746752858
DSC_3794-Position4-cal.fits,0.07692,4706.0,2306.0,674.0,0.0743878185749054
DSC_3938-Position3-cal.fits,0.07692,4198.0,2434.0,675.0,0.02206331305205822
DSC_3935-Position3-cal.fits,0.01,4207.0,2418.0,663.0,0.0029072940815240145
DSC_3690-Position4-cal.fits,0.0025,4640.0,2649.0,678.0,0.07804527133703232
DSC_3673-Position4-cal.fits,0.005,4167.0,2744.0,640.0,0.006181713193655014
DSC_3837-Position1-cal.fits,0.02,4766.0,1986.0,675.0,0.006939328275620937
DSC_3802-Position4-cal.fits,0.04,4710.0,2285.0,675.0,0.04429445043206215
DSC_3811-Position1-cal.fits,0.04,4751.0,2056.0,675.0,0.013757463544607162
DSC_3659-Position4-cal.fits,0.07692,4156.0,2754.0,643.0,0.016289852559566498
DSC_3920-Position3-cal.fits,0.07692,4189.0,2484.0,675.0,0.019666336476802826
DSC_3725-Position4-cal.fits,0.00125,3980.0,2882.0,0.0,0.011047770269215107
DSC_3845-Position1-cal.fits,0.01,4772.0,1964.0,676.0,0.0035670448560267687
DSC_3949-Position3-cal.fits,0.33333,4204.0,2403.0,672.0,0.07413433492183685
DSC_3649-Position4-cal.fits,0.04,4148.0,2758.0,642.0,0.013160375878214836
DSC_3901-Position2-cal.fits,0.04,4857.0,1516.0,675.0,0.014288806356489658
DSC_3804-Position4-cal.fits,0.16667,4711.0,2280.0,673.0,0.11548399180173874
DSC_3714-Position4-cal.fits,0.16667,nan,nan,nan,2.240269660949707
DSC_3830-Position1-cal.fits,0.07692,4763.0,2007.0,675.0,0.02693229727447033
DSC_3760-Position4-cal.fits,0.33333,4665.0,2511.0,672.0,0.30947625637054443
DSC_3824-Position1-cal.fits,0.00125,4760.0,2017.0,676.0,0.0006865360192023218
DSC_3927-Position3-cal.fits,0.02,4192.0,2461.0,674.0,0.005404409021139145
DSC_3733-Position4-cal.fits,0.33333,4652.0,2585.0,669.0,1.0296013355255127
DSC_3741-Position4-cal.fits,0.16667,4655.0,2565.0,672.0,0.4498285949230194
DSC_3799-Position4-cal.fits,0.005,4708.0,2291.0,677.0,0.0063306959345936775
DSC_3695-Position4-cal.fits,0.07692,nan,nan,nan,1.5836595296859741
DSC_3956-Position3-cal.fits,0.07692,4208.0,2385.0,675.0,0.023274164646863937
DSC_3847-Position1-cal.fits,0.04,4771.0,1960.0,675.0,0.013665769249200821
DSC_3877-Position2-cal.fits,0.33333,4843.0,1577.0,669.0,0.08243272453546524
DSC_3924-Position3-cal.fits,0.0025,4172.0,2489.0,698.0,0.0008766756509430707
DSC_3687-Position4-cal.fits,0.16667,nan,nan,nan,2.65518856048584
DSC_3851-Position1-cal.fits,0.00125,4775.0,1945.0,676.0,0.0006893296958878636
DSC_3666-Position4-cal.fits,0.02,4162.0,2749.0,641.0,0.011311346665024757
DSC_3704-Position4-cal.fits,0.07692,nan,nan,nan,1.4642306566238403
DSC_3738-Position4-cal.fits,0.02,4652.0,2571.0,676.0,0.08169117569923401
DSC_3798-Position4-cal.fits,0.0025,4709.0,2293.0,677.0,0.0033109576907008886
DSC_3708-Position4-cal.fits,0.0025,4638.0,2650.0,676.0,0.06542583554983139
DSC_3700-Position4-cal.fits,0.005,4635.0,2652.0,676.0,0.12951648235321045
DSC_3875-Position2-cal.fits,0.07692,4842.0,1585.0,675.0,0.027960654348134995
DSC_3781-Position4-cal.fits,0.005,4699.0,2340.0,676.0,0.006390484515577555
DSC_3662-Position4-cal.fits,0.00125,4161.0,2749.0,641.0,0.0017367994878441095
DSC_3871-Position2-cal.fits,0.005,4846.0,1597.0,679.0,0.002019246108829975
DSC_3910-Position2-cal.fits,0.04,4862.0,1491.0,675.0,0.014263068325817585
DSC_3783-Position4-cal.fits,0.02,4699.0,2337.0,676.0,0.02398236095905304
DSC_3677-Position4-cal.fits,0.07692,4167.0,2744.0,642.0,0.016167379915714264
DSC_3897-Position2-cal.fits,0.0025,4856.0,1523.0,675.0,0.0011457514483481646
DSC_3696-Position4-cal.fits,0.16667,nan,nan,nan,2.5474419593811035
DSC_3729-Position4-cal.fits,0.02,4648.0,2598.0,676.0,0.10631703585386276
DSC_3782-Position4-cal.fits,0.01,4699.0,2338.0,676.0,0.0124214394018054
DSC_3887-Position2-cal.fits,0.00125,4855.0,1549.0,680.0,0.0007174154161475599
DSC_3955-Position3-cal.fits,0.04,4208.0,2387.0,675.0,0.011610257439315319
DSC_3764-Position4-cal.fits,0.01,4667.0,2501.0,676.0,0.01628573052585125
DSC_3667-Position4-cal.fits,0.04,4163.0,2748.0,643.0,0.013082779012620449
DSC_3843-Position1-cal.fits,0.0025,4771.0,1968.0,675.0,0.0010892223799601197
DSC_3803-Position4-cal.fits,0.07692,4711.0,2282.0,674.0,0.07441340386867523
DSC_3828-Position1-cal.fits,0.02,4761.0,2011.0,675.0,0.006956411059945822
DSC_3663-Position4-cal.fits,0.0025,4161.0,2748.0,640.0,0.0032087615691125393
DSC_3873-Position2-cal.fits,0.02,4841.0,1592.0,675.0,0.007306886371225119
DSC_3957-Position3-cal.fits,0.16667,4208.0,2384.0,675.0,0.044302187860012054
DSC_3785-Position4-cal.fits,0.07692,4701.0,2331.0,674.0,0.07435687631368637
DSC_3778-Position4-cal.fits,0.33333,4697.0,2349.0,672.0,0.17231141030788422
DSC_3638-Position4-cal.fits,0.01,4143.0,2763.0,640.0,0.00998849980533123
DSC_3913-Position2-cal.fits,0.33333,4862.0,1479.0,669.0,0.08204924315214157
DSC_3813-Position1-cal.fits,0.16667,4754.0,2054.0,674.0,0.04926704615354538
DSC_3900-Position2-cal.fits,0.02,4856.0,1518.0,675.0,0.007259311620146036
DSC_3680-Position4-cal.fits,0.00125,4021.0,2597.0,0.0,0.048157405108213425
DSC_3898-Position2-cal.fits,0.005,4775.0,1465.0,584.0,0.0020109915640205145
DSC_3652-Position4-cal.fits,0.33333,4148.0,2758.0,645.0,0.034084122627973557
DSC_3931-Position3-cal.fits,0.33333,4195.0,2453.0,672.0,0.07163521647453308
DSC_3765-Position4-cal.fits,0.02,4667.0,2498.0,676.0,0.02913956344127655
DSC_3670-Position4-cal.fits,0.33333,4162.0,2747.0,644.0,0.03366140276193619
DSC_3679-Position4-cal.fits,0.33333,4167.0,2741.0,644.0,0.033790502697229385
DSC_3743-Position4-cal.fits,0.00125,4656.0,2554.0,682.0,0.006559830158948898
DSC_3643-Position4-cal.fits,0.33333,4144.0,2764.0,645.0,0.03396609425544739
DSC_3664-Position4-cal.fits,0.005,4160.0,2749.0,640.0,0.006193160079419613
DSC_3675-Position4-cal.fits,0.02,4168.0,2744.0,641.0,0.011298545636236668
DSC_3872-Position2-cal.fits,0.01,4843.0,1598.0,675.0,0.0037694864440709352
DSC_3721-Position4-cal.fits,0.04,4639.0,2649.0,674.0,0.6743753552436829
DSC_3688-Position4-cal.fits,0.33333,nan,nan,nan,2.9265499114990234
DSC_3948-Position3-cal.fits,0.16667,4203.0,2408.0,675.0,0.04356520622968674
DSC_3940-Position3-cal.fits,0.33333,4199.0,2428.0,672.0,0.07342134416103363
DSC_3941-Position3-cal.fits,0.00125,4200.0,2423.0,677.0,0.0005895294598303735
DSC_3773-Position4-cal.fits,0.01,4694.0,2359.0,676.0,0.012401613406836987
DSC_3874-Position2-cal.fits,0.04,4842.0,1591.0,675.0,0.014395903795957565
DSC_3929-Position3-cal.fits,0.07692,4194.0,2459.0,675.0,0.021003900095820427
DSC_3849-Position1-cal.fits,0.16667,4773.0,1955.0,674.0,0.04898878559470177
DSC_3869-Position2-cal.fits,0.00125,4845.0,1595.0,680.0,0.000724250334315002
DSC_3932-Position3-cal.fits,0.00125,4196.0,2446.0,676.0,0.0005755885504186153
DSC_3881-Position2-cal.fits,0.01,4850.0,1568.0,678.0,0.0037617480847984552
DSC_3640-Position4-cal.fits,0.04,4144.0,2763.0,643.0,0.013229381293058395
DSC_3834-Position1-cal.fits,0.0025,4767.0,1992.0,676.0,0.0010905035305768251
DSC_3842-Position1-cal.fits,0.00125,4770.0,1969.0,676.0,0.0006829759804531932
DSC_3878-Position2-cal.fits,0.00125,4847.0,1571.0,678.0,0.0007182633853517473
DSC_3661-Position4-cal.fits,0.33333,4157.0,2753.0,645.0,0.03389182686805725
DSC_3846-Position1-cal.fits,0.02,4771.0,1962.0,675.0,0.0069235931150615215
DSC_3768-Position4-cal.fits,0.16667,4669.0,2491.0,673.0,0.1310080736875534
DSC_3831-Position1-cal.fits,0.16667,4763.0,2004.0,674.0,0.04901695251464844
DSC_3844-Position1-cal.fits,0.005,4772.0,1966.0,676.0,0.001908330712467432
DSC_3727-Position4-cal.fits,0.005,4649.0,2605.0,677.0,0.03258538618683815
DSC_3882-Position2-cal.fits,0.02,4846.0,1566.0,675.0,0.0072802770882844925
DSC_3909-Position2-cal.fits,0.02,4861.0,1493.0,675.0,0.007230464834719896
DSC_3925-Position3-cal.fits,0.005,4191.0,2466.0,676.0,0.00153535685967654
DSC_3810-Position1-cal.fits,0.02,4714.0,2262.0,676.0,0.023877518251538277
DSC_3739-Position4-cal.fits,0.04,4654.0,2569.0,675.0,0.14912909269332886
DSC_3658-Position4-cal.fits,0.04,4157.0,2753.0,643.0,0.013119766488671303
DSC_3890-Position2-cal.fits,0.01,4853.0,1543.0,677.0,0.0037452075630426407
DSC_3943-Position3-cal.fits,0.005,4188.0,2447.0,693.0,0.0016273109940811992
DSC_3698-Position4-cal.fits,0.00125,4170.0,3062.0,0.0,0.04041384160518646
DSC_3817-Position1-cal.fits,0.005,4757.0,2039.0,676.0,0.0019176547648385167
DSC_3665-Position4-cal.fits,0.01,4162.0,2748.0,640.0,0.01006217859685421
DSC_3656-Position4-cal.fits,0.01,4303.0,2671.0,678.0,0.010105504654347897
DSC_3684-Position4-cal.fits,0.02,4632.0,2646.0,676.0,0.5267702341079712
DSC_3654-Position4-cal.fits,0.0025,4155.0,2754.0,640.0,0.003226436907425523
DSC_3693-Position4-cal.fits,0.02,4636.0,2651.0,676.0,0.4868600368499756
DSC_3699-Position4-cal.fits,0.0025,4640.0,2649.0,677.0,0.07188226282596588
DSC_3756-Position4-cal.fits,0.02,4662.0,2523.0,676.0,0.042681705206632614
DSC_3945-Position3-cal.fits,0.02,4202.0,2413.0,675.0,0.0058171749114990234
DSC_3776-Position4-cal.fits,0.07692,4697.0,2356.0,674.0,0.0743713304400444
DSC_3815-Position1-cal.fits,0.00125,4756.0,2043.0,675.0,0.0006822781288065016
DSC_3657-Position4-cal.fits,0.02,4156.0,2753.0,642.0,0.01140087191015482
DSC_3916-Position3-cal.fits,0.005,4295.0,2506.0,571.0,0.00146028446033597
DSC_3947-Position3-cal.fits,0.07692,4203.0,2409.0,675.0,0.02271953597664833
DSC_3812-Position1-cal.fits,0.07692,4752.0,2055.0,675.0,0.02700781263411045
DSC_3939-Position3-cal.fits,0.16667,4199.0,2432.0,675.0,0.042652204632759094
DSC_3720-Position4-cal.fits,0.02,4638.0,2650.0,676.0,0.36332520842552185
DSC_3689-Position4-cal.fits,0.00125,4370.0,2713.0,513.0,0.043950293213129044
DSC_3713-Position4-cal.fits,0.07692,4638.0,2650.0,671.0,1.3415405750274658
DSC_3674-Position4-cal.fits,0.01,4170.0,2742.0,642.0,0.009982985444366932
DSC_3740-Position4-cal.fits,0.07692,4655.0,2567.0,674.0,0.25919055938720703
DSC_3848-Position1-cal.fits,0.07692,4772.0,1957.0,675.0,0.026851780712604523
DSC_3790-Position4-cal.fits,0.005,4703.0,2316.0,676.0,0.006350185722112656
DSC_3886-Position2-cal.fits,0.33333,4848.0,1552.0,669.0,0.08226431906223297
DSC_3833-Position1-cal.fits,0.00125,4767.0,1993.0,676.0,0.0006838468252681196
DSC_3884-Position2-cal.fits,0.07692,4848.0,1562.0,675.0,0.027926789596676826
DSC_3717-Position4-cal.fits,0.0025,4644.0,2647.0,679.0,0.059137940406799316
DSC_3751-Position4-cal.fits,0.33333,4660.0,2536.0,672.0,0.5060051083564758
DSC_3672-Position4-cal.fits,0.0025,4167.0,2743.0,640.0,0.003215750912204385
DSC_3775-Position4-cal.fits,0.04,4695.0,2357.0,675.0,0.043982602655887604
DSC_3637-Position4-cal.fits,0.005,4144.0,2764.0,641.0,0.005783770699054003
DSC_3757-Position4-cal.fits,0.04,4664.0,2521.0,675.0,0.07635832577943802
DSC_3793-Position4-cal.fits,0.04,4706.0,2309.0,675.0,0.044293567538261414
DSC_3926-Position3-cal.fits,0.01,4192.0,2463.0,675.0,0.002834977814927697
DSC_3646-Position4-cal.fits,0.005,4147.0,2759.0,640.0,0.006147688254714012
DSC_3792-Position4-cal.fits,0.02,4704.0,2311.0,676.0,0.02396993525326252
DSC_3946-Position3-cal.fits,0.04,4203.0,2412.0,675.0,0.011447284370660782
DSC_3791-Position4-cal.fits,0.01,4703.0,2314.0,676.0,0.012398311868309975
DSC_3746-Position4-cal.fits,0.01,4657.0,2549.0,676.0,0.03396368399262428
DSC_3888-Position2-cal.fits,0.0025,4854.0,1546.0,678.0,0.0011439515510573983
DSC_3686-Position4-cal.fits,0.07692,nan,nan,nan,1.6986865997314453
DSC_3651-Position4-cal.fits,0.16667,4149.0,2757.0,644.0,0.022502031177282333
DSC_3753-Position4-cal.fits,0.0025,4665.0,2529.0,678.0,0.007970809936523438
DSC_3671-Position4-cal.fits,0.00125,4166.0,2743.0,640.0,0.0017514432547613978
DSC_3641-Position4-cal.fits,0.07692,4144.0,2762.0,644.0,0.01631724275648594
DSC_3922-Position3-cal.fits,0.33333,4190.0,2476.0,672.0,0.06976962834596634
DSC_3668-Position4-cal.fits,0.07692,4163.0,2749.0,643.0,0.016139693558216095
DSC_3838-Position1-cal.fits,0.04,4767.0,1985.0,675.0,0.013690376654267311
DSC_3950-Position3-cal.fits,0.00125,4204.0,2398.0,677.0,0.0006097272271290421
DSC_3795-Position4-cal.fits,0.16667,4706.0,2304.0,673.0,0.11551643162965775
DSC_3745-Position4-cal.fits,0.005,4656.0,2551.0,676.0,0.018903478980064392
DSC_3716-Position4-cal.fits,0.00125,4025.0,2358.0,0.0,0.0334952250123024
DSC_3876-Position2-cal.fits,0.16667,4844.0,1583.0,675.0,0.05056938901543617
DSC_3691-Position4-cal.fits,0.005,4636.0,2650.0,677.0,0.14134450256824493
DSC_3669-Position4-cal.fits,0.16667,4163.0,2748.0,644.0,0.022081751376390457
DSC_3832-Position1-cal.fits,0.33333,4764.0,1999.0,671.0,0.08006612211465836
DSC_3796-Position4-cal.fits,0.33333,4707.0,2299.0,672.0,0.1721666306257248
DSC_3825-Position1-cal.fits,0.0025,4762.0,2016.0,676.0,0.001095929997973144
DSC_3750-Position4-cal.fits,0.16667,4660.0,2540.0,673.0,0.3113085627555847
DSC_3911-Position2-cal.fits,0.07692,4862.0,1489.0,675.0,0.027854876592755318
DSC_3719-Position4-cal.fits,0.01,4638.0,2649.0,676.0,0.19618213176727295
DSC_3732-Position4-cal.fits,0.16667,4652.0,2589.0,670.0,0.6128928661346436
DSC_3923-Position3-cal.fits,0.00125,4192.0,2467.0,675.0,0.0005621598684228957
DSC_3836-Position1-cal.fits,0.01,4766.0,1988.0,675.0,0.003549516899511218
DSC_3889-Position2-cal.fits,0.005,4853.0,1545.0,678.0,0.0020085442811250687
DSC_3786-Position4-cal.fits,0.16667,4701.0,2329.0,673.0,0.1155458316206932
DSC_3705-Position4-cal.fits,0.16667,nan,nan,nan,2.405677080154419
DSC_3701-Position4-cal.fits,0.01,4636.0,2650.0,677.0,0.24012798070907593
DSC_3784-Position4-cal.fits,0.04,4701.0,2334.0,675.0,0.04426877200603485
DSC_3723-Position4-cal.fits,0.16667,nan,nan,nan,2.055434226989746
DSC_3635-Position4-cal.fits,0.00125,4142.0,2766.0,640.0,0.0016045522643253207
DSC_3660-Position4-cal.fits,0.16667,4157.0,2754.0,644.0,0.02222534269094467
DSC_3805-Position4-cal.fits,0.33333,4712.0,2275.0,672.0,0.17188242077827454
DSC_3903-Position2-cal.fits,0.16667,4858.0,1511.0,675.0,0.05036383494734764
DSC_3823-Position1-cal.fits,0.33333,4759.0,2024.0,671.0,0.08024851977825165
DSC_3827-Position1-cal.fits,0.01,4762.0,2013.0,675.0,0.0035771604161709547
DSC_3905-Position2-cal.fits,0.00125,4863.0,1500.0,677.0,0.0007183533161878586
DSC_3758-Position4-cal.fits,0.07692,4664.0,2518.0,674.0,0.1260846108198166
DSC_3821-Position1-cal.fits,0.07692,4758.0,2030.0,675.0,0.02699732594192028
DSC_3892-Position2-cal.fits,0.04,4852.0,1539.0,675.0,0.014309169724583626
DSC_3818-Position1-cal.fits,0.01,4758.0,2038.0,676.0,0.0035868422128260136
DSC_3917-Position3-cal.fits,0.01,4188.0,2493.0,676.0,0.0026886218693107367
DSC_3655-Position4-cal.fits,0.005,4156.0,2753.0,641.0,0.0062161944806575775
DSC_3816-Position1-cal.fits,0.0025,4758.0,2043.0,676.0,0.0010910960845649242
DSC_3904-Position2-cal.fits,0.33333,4860.0,1506.0,672.0,0.08220307528972626
DSC_3734-Position4-cal.fits,0.00125,4658.0,2578.0,681.0,0.008736643940210342
DSC_3953-Position3-cal.fits,0.01,4205.0,2394.0,677.0,0.0030696443282067776
DSC_3891-Position2-cal.fits,0.02,4851.0,1541.0,675.0,0.007250562310218811
DSC_3735-Position4-cal.fits,0.0025,4652.0,2581.0,676.0,0.014696368016302586
DSC_3648-Position4-cal.fits,0.02,4147.0,2757.0,641.0,0.011454076506197453
DSC_3822-Position1-cal.fits,0.16667,4759.0,2028.0,674.0,0.049152571707963943
DSC_3936-Position3-cal.fits,0.02,4197.0,2439.0,675.0,0.005628025624901056
DSC_3755-Position4-cal.fits,0.01,4662.0,2525.0,676.0,0.024079879745841026
DSC_3712-Position4-cal.fits,0.04,4639.0,2649.0,674.0,0.751278817653656
DSC_3774-Position4-cal.fits,0.02,4694.0,2359.0,676.0,0.02384641207754612
DSC_3908-Position2-cal.fits,0.01,4862.0,1495.0,676.0,0.0037390978541225195
DSC_3771-Position4-cal.fits,0.0025,4716.0,2359.0,697.0,0.0033541484735906124
DSC_3879-Position2-cal.fits,0.0025,4848.0,1574.0,676.0,0.0011487305164337158
DSC_3685-Position4-cal.fits,0.04,4638.0,2647.0,669.0,0.971064567565918
DSC_3854-Position1-cal.fits,0.01,4775.0,1940.0,675.0,0.0035727431531995535
DSC_3839-Position1-cal.fits,0.07692,4767.0,1982.0,675.0,0.026843277737498283
DSC_3907-Position2-cal.fits,0.005,4782.0,1439.0,585.0,0.002005603164434433
DSC_3870-Position2-cal.fits,0.0025,4847.0,1602.0,678.0,0.0011498713865876198
DSC_3885-Position2-cal.fits,0.16667,4849.0,1561.0,673.0,0.05040577054023743
DSC_3636-Position4-cal.fits,0.0025,4143.0,2766.0,640.0,0.00292401947081089
DSC_3759-Position4-cal.fits,0.16667,4664.0,2516.0,673.0,0.2045787125825882
DSC_3737-Position4-cal.fits,0.01,4653.0,2575.0,676.0,0.04563279449939728
DSC_3800-Position4-cal.fits,0.01,4708.0,2289.0,676.0,0.012360816821455956
DSC_3709-Position4-cal.fits,0.005,4637.0,2650.0,676.0,0.11797024309635162
DSC_3820-Position1-cal.fits,0.04,4757.0,2033.0,675.0,0.013729714788496494
DSC_3718-Position4-cal.fits,0.005,4636.0,2649.0,676.0,0.1061062216758728
DSC_3728-Position4-cal.fits,0.01,4650.0,2606.0,677.0,0.05903809517621994
DSC_3780-Position4-cal.fits,0.0025,4694.0,2347.0,669.0,0.0033398186787962914
DSC_3644-Position4-cal.fits,0.00125,4146.0,2760.0,640.0,0.0017194959800690413
DSC_3934-Position3-cal.fits,0.005,4196.0,2443.0,676.0,0.001573000568896532
DSC_3850-Position1-cal.fits,0.33333,4774.0,1950.0,671.0,0.0803527757525444
DSC_3912-Position2-cal.fits,0.16667,4863.0,1486.0,675.0,0.05031176283955574
DSC_3731-Position4-cal.fits,0.07692,4650.0,2590.0,673.0,0.3473171889781952
DSC_3954-Position3-cal.fits,0.02,4206.0,2389.0,675.0,0.005909283179789782
DSC_3915-Position3-cal.fits,0.0025,4185.0,2490.0,677.0,0.0008643743931315839
DSC_3883-Position2-cal.fits,0.04,4847.0,1564.0,675.0,0.01435609720647335
DSC_3736-Position4-cal.fits,0.005,4651.0,2575.0,676.0,0.025366725400090218
DSC_3754-Position4-cal.fits,0.005,4661.0,2526.0,676.0,0.013559889048337936
DSC_3706-Position4-cal.fits,0.33333,nan,nan,nan,2.9260003566741943
DSC_3826-Position1-cal.fits,0.005,4761.0,2015.0,675.0,0.0019116807961836457
DSC_3767-Position4-cal.fits,0.07692,4669.0,2493.0,674.0,0.08475369960069656
DSC_3958-Position3-cal.fits,0.33333,4209.0,2380.0,672.0,0.07382316142320633
DSC_3763-Position4-cal.fits,0.005,4666.0,2502.0,676.0,0.009001112543046474
DSC_3697-Position4-cal.fits,0.33333,nan,nan,nan,2.926541805267334
DSC_3919-Position3-cal.fits,0.04,4187.0,2482.0,675.0,0.009914984926581383
DSC_3639-Position4-cal.fits,0.02,4143.0,2764.0,641.0,0.011520836502313614
DSC_3707-Position4-cal.fits,0.00125,4410.0,2703.0,534.0,0.037027888000011444
DSC_3809-Position4-cal.fits,0.01,4714.0,2264.0,676.0,0.012323243543505669
DSC_3642-Position4-cal.fits,0.16667,4144.0,2763.0,644.0,0.022143902257084846
DSC_3749-Position4-cal.fits,0.07692,4660.0,2543.0,674.0,0.1837899535894394
DSC_3703-Position4-cal.fits,0.04,4637.0,2650.0,674.0,0.8257119655609131
DSC_3835-Position1-cal.fits,0.005,4766.0,1990.0,675.0,0.0018967726500704885
DSC_3853-Position1-cal.fits,0.005,4776.0,1941.0,676.0,0.0019081976497545838
DSC_3724-Position4-cal.fits,0.33333,nan,nan,nan,2.860670804977417
DSC_3715-Position4-cal.fits,0.33333,nan,nan,nan,2.9144721031188965
DSC_3930-Position3-cal.fits,0.16667,4194.0,2457.0,675.0,0.041140057146549225
DSC_3682-Position4-cal.fits,0.005,4628.0,2640.0,676.0,0.1533873826265335
DSC_3770-Position4-cal.fits,0.00125,4710.0,2365.0,691.0,0.0018453283701092005
DSC_3921-Position3-cal.fits,0.16667,4189.0,2480.0,675.0,0.03898831084370613
DSC_3933-Position3-cal.fits,0.0025,4196.0,2446.0,677.0,0.0009020976722240448
DSC_3772-Position4-cal.fits,0.005,4693.0,2362.0,677.0,0.006391227710992098
DSC_3752-Position4-cal.fits,0.00125,4675.0,2527.0,687.0,0.004789738450199366
DSC_3937-Position3-cal.fits,0.04,4199.0,2437.0,675.0,0.011137319728732109
DSC_3766-Position4-cal.fits,0.04,4668.0,2496.0,675.0,0.05197698622941971
DSC_3942-Position3-cal.fits,0.0025,4201.0,2421.0,677.0,0.0009264335385523736
DSC_3761-Position4-cal.fits,0.00125,4682.0,2503.0,690.0,0.003201473504304886
DSC_3779-Position4-cal.fits,0.00125,4708.0,2342.0,684.0,0.001829436863772571
DSC_3899-Position2-cal.fits,0.01,4860.0,1520.0,678.0,0.003754872363060713
DSC_3730-Position4-cal.fits,0.04,4648.0,2598.0,677.0,0.19581572711467743
DSC_3683-Position4-cal.fits,0.01,4632.0,2638.0,676.0,0.28396204113960266
DSC_3807-Position4-cal.fits,0.0025,4716.0,2268.0,678.0,0.0033123150933533907
DSC_3806-Position4-cal.fits,0.00125,4716.0,2270.0,679.0,0.0018154833232983947
DSC_3896-Position2-cal.fits,0.00125,4857.0,1525.0,676.0,0.0007184739224612713
DSC_3852-Position1-cal.fits,0.0025,4777.0,1944.0,676.0,0.0010997700737789273
DSC_3868-Position2-cal.fits,0.33333,4812.0,1719.0,666.0,0.0858616977930069
DSC_3808-Position4-cal.fits,0.005,4712.0,2266.0,676.0,0.006306330673396587
