filename,moon_xc,moon_yc,moon_radius,sun_xc,sun_yc,sun_radius,celestial_north_from_image_y
DSC_3775-Position4-cal.fits,4695.000,2357.000,675.000,4664.977,2375.071,639.343,78.000
DSC_3774-Position4-cal.fits,4694.000,2359.000,676.000,4663.933,2377.098,640.290,78.000
DSC_3773-Position4-cal.fits,4694.000,2359.000,676.000,4663.933,2377.098,640.290,78.000
DSC_3772-Position4-cal.fits,4693.000,2362.000,677.000,4662.888,2380.125,641.237,78.000
DSC_3771-Position4-cal.fits,4716.000,2359.000,697.000,4684.855,2377.902,660.181,78.000
DSC_3770-Position4-cal.fits,4710.000,2365.000,691.000,4679.123,2383.739,654.498,78.000
DSC_3778-Position4-cal.fits,4697.000,2349.000,672.000,4667.250,2366.758,636.502,78.000
DSC_3777-Position4-cal.fits,4696.000,2354.000,673.000,4666.205,2371.784,637.449,78.000
DSC_3776-Position4-cal.fits,4697.000,2356.000,674.000,4667.022,2374.044,638.396,78.000
DSC_3810-Position1-cal.fits,4714.000,2262.000,676.000,4685.331,2277.751,640.291,78.000
DSC_3811-Position1-cal.fits,4751.000,2056.000,675.000,4725.443,2066.573,639.345,78.000
DSC_3812-Position1-cal.fits,4752.000,2055.000,675.000,4726.443,2065.573,639.345,78.000
DSC_3813-Position1-cal.fits,4754.000,2054.000,674.000,4728.481,2064.558,638.398,78.000
DSC_3814-Position1-cal.fits,4754.000,2049.000,670.000,4728.771,2059.263,634.609,78.000
DSC_3815-Position1-cal.fits,4756.000,2043.000,675.000,4730.583,2053.339,639.345,78.000
DSC_3816-Position1-cal.fits,4758.000,2043.000,676.000,4732.545,2053.354,640.292,78.000
DSC_3817-Position1-cal.fits,4757.000,2039.000,676.000,4731.685,2049.120,640.292,78.000
DSC_3818-Position1-cal.fits,4758.000,2038.000,676.000,4732.685,2048.120,640.292,78.000
DSC_3819-Position1-cal.fits,4757.000,2034.000,675.000,4731.723,2044.105,639.345,78.000
DSC_3820-Position1-cal.fits,4757.000,2033.000,675.000,4731.723,2043.105,639.345,78.000
DSC_3821-Position1-cal.fits,4758.000,2030.000,675.000,4732.862,2039.870,639.345,78.000
DSC_3822-Position1-cal.fits,4759.000,2028.000,674.000,4733.899,2037.856,638.398,78.000
DSC_3823-Position1-cal.fits,4759.000,2024.000,671.000,4734.011,2033.812,635.557,78.000
DSC_3824-Position1-cal.fits,4760.000,2017.000,676.000,4734.965,2026.650,640.293,78.000
DSC_3825-Position1-cal.fits,4762.000,2016.000,676.000,4736.965,2025.650,640.293,78.000
DSC_3826-Position1-cal.fits,4761.000,2015.000,675.000,4736.002,2024.636,639.345,78.000
DSC_3827-Position1-cal.fits,4762.000,2013.000,675.000,4737.002,2022.636,639.345,78.000
DSC_3828-Position1-cal.fits,4761.000,2011.000,675.000,4736.141,2020.402,639.345,78.000
DSC_3829-Position1-cal.fits,4762.000,2009.000,675.000,4737.141,2018.402,639.345,78.000
DSC_3830-Position1-cal.fits,4763.000,2007.000,675.000,4738.141,2016.402,639.345,78.000
DSC_3831-Position1-cal.fits,4763.000,2004.000,674.000,4738.178,2013.388,638.398,78.000
DSC_3832-Position1-cal.fits,4764.000,1999.000,671.000,4739.427,2008.113,635.557,78.000
DSC_3833-Position1-cal.fits,4767.000,1993.000,676.000,4742.244,2002.181,640.293,78.000
DSC_3834-Position1-cal.fits,4767.000,1992.000,676.000,4742.384,2000.946,640.293,78.000
DSC_3835-Position1-cal.fits,4766.000,1990.000,675.000,4741.420,1998.933,639.346,78.000
DSC_3836-Position1-cal.fits,4766.000,1988.000,675.000,4741.420,1996.933,639.346,78.000
DSC_3837-Position1-cal.fits,4766.000,1986.000,675.000,4741.420,1994.933,639.346,78.000
DSC_3868-Position2-cal.fits,4812.000,1719.000,666.000,4791.602,1721.341,630.823,78.000
DSC_3869-Position2-cal.fits,4845.000,1595.000,680.000,4826.000,1594.321,644.084,78.000
DSC_3870-Position2-cal.fits,4847.000,1602.000,678.000,4828.056,1601.323,642.190,78.000
DSC_3871-Position2-cal.fits,4846.000,1597.000,679.000,4827.028,1596.322,643.137,78.000
DSC_3872-Position2-cal.fits,4843.000,1598.000,675.000,4824.279,1597.092,639.349,78.000
DSC_3873-Position2-cal.fits,4841.000,1592.000,675.000,4822.279,1591.092,639.349,78.000
DSC_3874-Position2-cal.fits,4842.000,1591.000,675.000,4823.279,1590.092,639.349,78.000
DSC_3875-Position2-cal.fits,4842.000,1585.000,675.000,4823.279,1584.092,639.349,78.000
DSC_3876-Position2-cal.fits,4844.000,1583.000,675.000,4825.279,1582.092,639.349,78.000
DSC_3877-Position2-cal.fits,4843.000,1577.000,669.000,4824.584,1575.868,633.666,78.000
DSC_3878-Position2-cal.fits,4847.000,1571.000,678.000,4828.476,1569.617,642.190,78.000
DSC_3879-Position2-cal.fits,4848.000,1574.000,676.000,4829.530,1572.621,640.296,78.000
DSC_3880-Position2-cal.fits,4849.000,1569.000,678.000,4830.476,1567.617,642.190,78.000
DSC_3881-Position2-cal.fits,4850.000,1568.000,678.000,4831.476,1566.617,642.190,78.000
DSC_3882-Position2-cal.fits,4846.000,1566.000,675.000,4827.558,1564.623,639.349,78.000
DSC_3883-Position2-cal.fits,4847.000,1564.000,675.000,4828.697,1562.389,639.349,78.000
DSC_3884-Position2-cal.fits,4848.000,1562.000,675.000,4829.697,1560.389,639.349,78.000
DSC_3885-Position2-cal.fits,4849.000,1561.000,673.000,4830.751,1559.394,637.454,78.000
DSC_3886-Position2-cal.fits,4848.000,1552.000,669.000,4829.860,1550.403,633.666,78.000
DSC_3887-Position2-cal.fits,4855.000,1549.000,680.000,4836.702,1547.141,644.085,78.000
DSC_3888-Position2-cal.fits,4854.000,1546.000,678.000,4835.756,1544.146,642.190,78.000
DSC_3889-Position2-cal.fits,4853.000,1545.000,678.000,4834.896,1542.911,642.190,78.000
DSC_3890-Position2-cal.fits,4853.000,1543.000,677.000,4834.923,1540.914,641.243,78.000
DSC_3891-Position2-cal.fits,4851.000,1541.000,675.000,4832.976,1538.920,639.349,78.000
DSC_3892-Position2-cal.fits,4852.000,1539.000,675.000,4833.976,1536.920,639.349,78.000
DSC_3893-Position2-cal.fits,4852.000,1538.000,675.000,4833.976,1535.920,639.349,78.000
DSC_3894-Position2-cal.fits,4853.000,1536.000,675.000,4835.116,1533.686,639.349,78.000
DSC_3895-Position2-cal.fits,4855.000,1531.000,672.000,4837.195,1528.696,636.507,78.000
DSC_3896-Position2-cal.fits,4857.000,1525.000,676.000,4839.229,1522.448,640.296,78.000
DSC_3897-Position2-cal.fits,4856.000,1523.000,675.000,4838.255,1520.451,639.349,78.000
DSC_3898-Position2-cal.fits,4775.000,1465.000,584.000,4759.647,1462.795,553.155,78.000
DSC_3899-Position2-cal.fits,4860.000,1520.000,678.000,4842.176,1517.440,642.191,78.000
DSC_3900-Position2-cal.fits,4856.000,1518.000,675.000,4838.395,1515.217,639.349,78.000
DSC_3901-Position2-cal.fits,4857.000,1516.000,675.000,4839.395,1513.217,639.349,78.000
DSC_3902-Position2-cal.fits,4857.000,1513.000,675.000,4839.395,1510.217,639.349,78.000
DSC_3903-Position2-cal.fits,4858.000,1511.000,675.000,4840.395,1508.217,639.349,78.000
DSC_3914-Position3-cal.fits,4188.000,2484.000,672.000,4176.996,2470.264,636.511,78.000
DSC_3915-Position3-cal.fits,4185.000,2490.000,677.000,4173.914,2476.162,641.247,78.000
DSC_3916-Position3-cal.fits,4295.000,2506.000,571.000,4285.650,2494.329,540.845,78.000
DSC_3917-Position3-cal.fits,4188.000,2493.000,676.000,4176.930,2479.183,640.300,78.000
DSC_3918-Position3-cal.fits,4125.000,2401.000,573.000,4115.735,2389.089,542.739,78.000
DSC_3919-Position3-cal.fits,4187.000,2482.000,675.000,4176.086,2467.969,639.353,78.000
DSC_3920-Position3-cal.fits,4189.000,2484.000,675.000,4178.086,2469.969,639.353,78.000
DSC_3921-Position3-cal.fits,4189.000,2480.000,675.000,4178.086,2465.969,639.353,78.000
DSC_3922-Position3-cal.fits,4190.000,2476.000,672.000,4179.273,2461.798,636.511,78.000
DSC_3923-Position3-cal.fits,4192.000,2467.000,675.000,4181.225,2452.734,639.353,78.000
DSC_3924-Position3-cal.fits,4172.000,2489.000,698.000,4160.858,2474.248,661.138,78.000
DSC_3925-Position3-cal.fits,4191.000,2466.000,676.000,4180.349,2451.479,640.300,78.000
DSC_3926-Position3-cal.fits,4192.000,2463.000,675.000,4181.365,2448.500,639.353,78.000
DSC_3927-Position3-cal.fits,4192.000,2461.000,674.000,4181.380,2446.521,638.405,78.000
DSC_3928-Position3-cal.fits,4193.000,2460.000,675.000,4182.365,2445.500,639.353,78.000
DSC_3929-Position3-cal.fits,4194.000,2459.000,675.000,4183.504,2444.266,639.353,78.000
DSC_3930-Position3-cal.fits,4194.000,2457.000,675.000,4183.504,2442.266,639.353,78.000
DSC_3931-Position3-cal.fits,4195.000,2453.000,672.000,4184.551,2438.331,636.511,78.000
DSC_3932-Position3-cal.fits,4196.000,2446.000,676.000,4185.628,2431.009,640.300,78.000
DSC_3933-Position3-cal.fits,4196.000,2446.000,677.000,4185.613,2430.987,641.247,78.000
DSC_3934-Position3-cal.fits,4196.000,2443.000,676.000,4185.628,2428.009,640.300,78.000
DSC_3935-Position3-cal.fits,4207.000,2418.000,663.000,4196.827,2403.297,627.987,78.000
DSC_3936-Position3-cal.fits,4197.000,2439.000,675.000,4186.783,2423.797,639.353,78.000
DSC_3937-Position3-cal.fits,4199.000,2437.000,675.000,4188.783,2421.797,639.353,78.000
DSC_3938-Position3-cal.fits,4198.000,2434.000,675.000,4187.783,2418.797,639.353,78.000
DSC_3939-Position3-cal.fits,4199.000,2432.000,675.000,4188.783,2416.797,639.353,78.000
DSC_3940-Position3-cal.fits,4199.000,2428.000,672.000,4188.967,2412.631,636.511,78.000
DSC_3941-Position3-cal.fits,4200.000,2423.000,677.000,4189.892,2407.517,641.247,78.000
DSC_3942-Position3-cal.fits,4201.000,2421.000,677.000,4190.892,2405.517,641.247,78.000
DSC_3943-Position3-cal.fits,4188.000,2447.000,693.000,4177.796,2430.910,656.402,78.000
DSC_3944-Position3-cal.fits,4202.000,2415.000,675.000,4192.061,2399.328,639.353,78.000
DSC_3945-Position3-cal.fits,4202.000,2413.000,675.000,4192.061,2397.328,639.353,78.000
DSC_3946-Position3-cal.fits,4203.000,2412.000,675.000,4193.061,2396.328,639.353,78.000
DSC_3947-Position3-cal.fits,4203.000,2409.000,675.000,4193.201,2393.094,639.353,78.000
DSC_3770-Position4-cal-luminance.fits,,,,,,,78.000
DSC_3913-Position2-cal.fits,4862.000,1479.000,669.000,4844.966,1475.545,633.666,78.000
DSC_3912-Position2-cal.fits,4863.000,1486.000,675.000,4845.813,1482.514,639.349,78.000
DSC_3910-Position2-cal.fits,4862.000,1491.000,675.000,4844.673,1487.748,639.349,78.000
DSC_3911-Position2-cal.fits,4862.000,1489.000,675.000,4844.813,1485.514,639.349,78.000
DSC_3909-Position2-cal.fits,4861.000,1493.000,675.000,4843.673,1489.748,639.349,78.000
DSC_3908-Position2-cal.fits,4862.000,1495.000,676.000,4844.648,1491.744,640.296,78.000
DSC_3907-Position2-cal.fits,4782.000,1439.000,585.000,4766.984,1436.182,554.103,78.000
DSC_3906-Position2-cal.fits,4865.000,1499.000,678.000,4847.456,1495.969,642.191,78.000
DSC_3905-Position2-cal.fits,4863.000,1500.000,677.000,4845.482,1496.974,641.244,78.000
DSC_3904-Position2-cal.fits,4860.000,1506.000,672.000,4842.612,1502.996,636.508,78.000
DSC_3958-Position3-cal.fits,4209.000,2380.000,672.000,4199.661,2363.465,636.512,78.000
DSC_3957-Position3-cal.fits,4208.000,2384.000,675.000,4198.479,2367.625,639.353,78.000
DSC_3956-Position3-cal.fits,4208.000,2385.000,675.000,4198.479,2368.625,639.353,78.000
DSC_3955-Position3-cal.fits,4208.000,2387.000,675.000,4198.479,2370.625,639.353,78.000
DSC_3954-Position3-cal.fits,4206.000,2389.000,675.000,4196.479,2372.625,639.353,78.000
DSC_3953-Position3-cal.fits,4205.000,2394.000,677.000,4195.311,2377.812,641.248,78.000
DSC_3952-Position3-cal.fits,4213.000,2378.000,667.000,4203.455,2362.051,631.776,78.000
DSC_3951-Position3-cal.fits,4207.000,2394.000,675.000,4197.340,2377.860,639.353,78.000
DSC_3950-Position3-cal.fits,4204.000,2398.000,677.000,4194.311,2381.812,641.248,78.000
DSC_3949-Position3-cal.fits,4204.000,2403.000,672.000,4194.244,2387.165,636.512,78.000
DSC_3948-Position3-cal.fits,4203.000,2408.000,675.000,4193.201,2392.094,639.353,78.000
DSC_3838-Position1-cal.fits,4767.000,1985.000,675.000,4742.420,1993.933,639.346,78.000
DSC_3839-Position1-cal.fits,4767.000,1982.000,675.000,4742.560,1990.699,639.346,78.000
DSC_3840-Position1-cal.fits,4768.000,1979.000,674.000,4743.596,1987.686,638.399,78.000
DSC_3841-Position1-cal.fits,4769.000,1974.000,671.000,4744.705,1982.647,635.557,78.000
DSC_3842-Position1-cal.fits,4770.000,1969.000,676.000,4745.663,1977.477,640.293,78.000
DSC_3843-Position1-cal.fits,4771.000,1968.000,675.000,4746.699,1976.465,639.346,78.000
DSC_3844-Position1-cal.fits,4772.000,1966.000,676.000,4747.663,1974.477,640.293,78.000
DSC_3845-Position1-cal.fits,4772.000,1964.000,676.000,4747.803,1972.242,640.293,78.000
DSC_3846-Position1-cal.fits,4771.000,1962.000,675.000,4746.839,1970.230,639.346,78.000
DSC_3847-Position1-cal.fits,4771.000,1960.000,675.000,4746.839,1968.230,639.346,78.000
DSC_3848-Position1-cal.fits,4772.000,1957.000,675.000,4747.839,1965.230,639.346,78.000
DSC_3849-Position1-cal.fits,4773.000,1955.000,674.000,4748.875,1963.218,638.399,78.000
DSC_3850-Position1-cal.fits,4774.000,1950.000,671.000,4750.121,1957.949,635.557,78.000
DSC_3851-Position1-cal.fits,4775.000,1945.000,676.000,4751.082,1952.773,640.293,78.000
DSC_3852-Position1-cal.fits,4777.000,1944.000,676.000,4753.082,1951.773,640.293,78.000
DSC_3853-Position1-cal.fits,4776.000,1941.000,676.000,4752.082,1948.773,640.293,78.000
DSC_3854-Position1-cal.fits,4775.000,1940.000,675.000,4751.118,1947.762,639.346,78.000
